{"stat.drop.minecraft.stone_pickaxe":2,"stat.chestOpened":5,"stat.walkOneCm":111552,"stat.craftItem.minecraft.bed":2,"stat.useItem.minecraft.torch":1,"stat.pickup.minecraft.wooden_axe":1,"stat.useItem.minecraft.log":2,"stat.pickup.minecraft.crafting_table":3,"stat.craftItem.minecraft.crafting_table":2,"stat.furnaceInteraction":3,"stat.mineBlock.minecraft.yellow_flower":1,"stat.mineBlock.minecraft.coal_ore":45,"stat.pickup.minecraft.log":48,"stat.jump":691,"stat.swimOneCm":4935,"stat.pickup.minecraft.coal":44,"stat.fallOneCm":11293,"stat.useItem.minecraft.planks":7,"stat.useItem.minecraft.cooked_mutton":1,"stat.useItem.minecraft.stone_axe":25,"stat.crouchOneCm":124,"stat.mineBlock.minecraft.chest":2,"stat.craftItem.minecraft.chest":1,"stat.craftItem.minecraft.torch":28,"stat.pickup.minecraft.sapling":1,"stat.pickup.minecraft.dirt":11,"stat.sprintOneCm":1558,"stat.useItem.minecraft.stone_slab2":15,"stat.craftItem.minecraft.stick":60,"stat.craftItem.minecraft.wooden_axe":1,"stat.craftingTableInteraction":16,"stat.craftItem.minecraft.planks":180,"stat.craftItem.minecraft.stone_axe":1,"stat.pickup.minecraft.wooden_pickaxe":2,"stat.damageTaken":30,"stat.mineBlock.minecraft.crafting_table":3,"stat.craftItem.minecraft.stone_pickaxe":3,"stat.mineBlock.minecraft.torch":1,"stat.useItem.minecraft.wooden_pickaxe":36,"stat.mobKills":9,"stat.pickup.minecraft.cobblestone":18,"stat.mineBlock.minecraft.log":48,"stat.pickup.minecraft.planks":21,"stat.craftItem.minecraft.stone_sword":1,"stat.flyOneCm":1562,"stat.pickup.minecraft.bed":4,"stat.mineBlock.minecraft.planks":12,"stat.pickup.minecraft.wheat_seeds":2,"stat.drop":4,"stat.mineBlock.minecraft.leaves":16,"stat.playOneMinute":57028,"stat.pickup.minecraft.torch":1,"stat.killEntity.Sheep":9,"stat.useItem.minecraft.stone_pickaxe":41,"stat.sneakTime":11,"stat.useItem.minecraft.stone_sword":16,"stat.pickup.minecraft.wool":12,"stat.damageDealt":726,"stat.craftItem.minecraft.coal_block":1,"stat.sleepInBed":4,"stat.timeSinceDeath":57028,"stat.drop.minecraft.torch":2,"stat.useItem.minecraft.wooden_axe":13,"stat.mineBlock.minecraft.dirt":24,"stat.useItem.minecraft.crafting_table":1,"stat.mineBlock.minecraft.stone":18,"stat.craftItem.minecraft.wooden_pickaxe":1,"stat.mineBlock.minecraft.tallgrass":6,"stat.craftItem.minecraft.cooked_mutton":3,"stat.pickup.minecraft.mutton":15,"stat.diveOneCm":7845,"stat.pickup.minecraft.chest":2}