{"stat.walkOneCm":36707,"stat.damageTaken":20,"stat.mineBlock.minecraft.yellow_flower":1,"stat.mobKills":5,"stat.mineBlock.minecraft.log":5,"stat.pickup.minecraft.log":5,"stat.flyOneCm":839,"stat.pickup.minecraft.wheat_seeds":1,"stat.jump":139,"stat.mineBlock.minecraft.leaves":15,"stat.playOneMinute":8428,"stat.fallOneCm":1856,"stat.killEntity.Sheep":5,"stat.sneakTime":11,"stat.pickup.minecraft.wool":5,"stat.damageDealt":396,"stat.crouchOneCm":124,"stat.timeSinceDeath":8428,"stat.pickup.minecraft.dirt":3,"stat.sprintOneCm":443,"stat.mineBlock.minecraft.dirt":3,"stat.useItem.minecraft.stone_slab2":3,"stat.mineBlock.minecraft.tallgrass":4,"stat.pickup.minecraft.mutton":9}