{"stat.drop.minecraft.stone_pickaxe":2,"stat.chestOpened":5,"stat.walkOneCm":93074,"stat.craftItem.minecraft.bed":2,"stat.useItem.minecraft.torch":1,"stat.useItem.minecraft.log":2,"stat.pickup.minecraft.crafting_table":3,"stat.craftItem.minecraft.crafting_table":2,"stat.furnaceInteraction":3,"stat.mineBlock.minecraft.yellow_flower":1,"stat.mineBlock.minecraft.coal_ore":45,"stat.pickup.minecraft.log":11,"stat.jump":523,"stat.swimOneCm":1030,"stat.pickup.minecraft.coal":44,"stat.fallOneCm":8185,"stat.useItem.minecraft.planks":5,"stat.useItem.minecraft.cooked_mutton":1,"stat.crouchOneCm":124,"stat.mineBlock.minecraft.chest":2,"stat.craftItem.minecraft.chest":1,"stat.craftItem.minecraft.torch":28,"stat.pickup.minecraft.dirt":11,"stat.sprintOneCm":443,"stat.useItem.minecraft.stone_slab2":12,"stat.craftItem.minecraft.stick":12,"stat.craftingTableInteraction":12,"stat.craftItem.minecraft.planks":36,"stat.pickup.minecraft.wooden_pickaxe":1,"stat.damageTaken":30,"stat.mineBlock.minecraft.crafting_table":3,"stat.craftItem.minecraft.stone_pickaxe":2,"stat.mineBlock.minecraft.torch":1,"stat.useItem.minecraft.wooden_pickaxe":33,"stat.mobKills":9,"stat.pickup.minecraft.cobblestone":15,"stat.mineBlock.minecraft.log":11,"stat.pickup.minecraft.planks":19,"stat.craftItem.minecraft.stone_sword":1,"stat.flyOneCm":1078,"stat.pickup.minecraft.bed":4,"stat.mineBlock.minecraft.planks":10,"stat.pickup.minecraft.wheat_seeds":1,"stat.drop":4,"stat.mineBlock.minecraft.leaves":15,"stat.playOneMinute":45328,"stat.pickup.minecraft.torch":1,"stat.killEntity.Sheep":9,"stat.useItem.minecraft.stone_pickaxe":34,"stat.sneakTime":11,"stat.useItem.minecraft.stone_sword":16,"stat.pickup.minecraft.wool":12,"stat.damageDealt":726,"stat.craftItem.minecraft.coal_block":1,"stat.sleepInBed":3,"stat.timeSinceDeath":45328,"stat.drop.minecraft.torch":2,"stat.mineBlock.minecraft.dirt":20,"stat.useItem.minecraft.crafting_table":1,"stat.mineBlock.minecraft.stone":15,"stat.mineBlock.minecraft.tallgrass":5,"stat.craftItem.minecraft.cooked_mutton":3,"stat.pickup.minecraft.mutton":15,"stat.diveOneCm":1852,"stat.pickup.minecraft.chest":2}