{"stat.drop.minecraft.stone_pickaxe":1,"stat.walkOneCm":75718,"stat.craftItem.minecraft.bed":2,"stat.useItem.minecraft.log":2,"stat.craftItem.minecraft.crafting_table":2,"stat.furnaceInteraction":3,"stat.mineBlock.minecraft.yellow_flower":1,"stat.mineBlock.minecraft.coal_ore":45,"stat.pickup.minecraft.log":7,"stat.jump":438,"stat.pickup.minecraft.coal":44,"stat.fallOneCm":6604,"stat.useItem.minecraft.planks":5,"stat.useItem.minecraft.cooked_mutton":1,"stat.crouchOneCm":124,"stat.pickup.minecraft.dirt":11,"stat.sprintOneCm":443,"stat.useItem.minecraft.stone_slab2":6,"stat.craftItem.minecraft.stick":8,"stat.craftingTableInteraction":8,"stat.craftItem.minecraft.planks":20,"stat.pickup.minecraft.wooden_pickaxe":1,"stat.damageTaken":30,"stat.craftItem.minecraft.stone_pickaxe":2,"stat.useItem.minecraft.wooden_pickaxe":33,"stat.mobKills":5,"stat.pickup.minecraft.cobblestone":15,"stat.mineBlock.minecraft.log":7,"stat.pickup.minecraft.planks":19,"stat.flyOneCm":970,"stat.mineBlock.minecraft.planks":10,"stat.pickup.minecraft.wheat_seeds":1,"stat.drop":1,"stat.mineBlock.minecraft.leaves":15,"stat.playOneMinute":32728,"stat.killEntity.Sheep":5,"stat.useItem.minecraft.stone_pickaxe":32,"stat.sneakTime":11,"stat.pickup.minecraft.wool":8,"stat.damageDealt":406,"stat.craftItem.minecraft.coal_block":1,"stat.sleepInBed":2,"stat.timeSinceDeath":32728,"stat.mineBlock.minecraft.dirt":19,"stat.mineBlock.minecraft.stone":15,"stat.mineBlock.minecraft.tallgrass":5,"stat.craftItem.minecraft.cooked_mutton":3,"stat.pickup.minecraft.mutton":9}