{"stat.walkOneCm":51295,"stat.craftItem.minecraft.bed":2,"stat.craftItem.minecraft.planks":20,"stat.useItem.minecraft.log":2,"stat.pickup.minecraft.wooden_pickaxe":1,"stat.damageTaken":20,"stat.craftItem.minecraft.crafting_table":2,"stat.mineBlock.minecraft.yellow_flower":1,"stat.useItem.minecraft.wooden_pickaxe":16,"stat.mobKills":5,"stat.mineBlock.minecraft.coal_ore":10,"stat.pickup.minecraft.cobblestone":1,"stat.mineBlock.minecraft.log":7,"stat.pickup.minecraft.planks":19,"stat.pickup.minecraft.log":7,"stat.flyOneCm":865,"stat.mineBlock.minecraft.planks":10,"stat.pickup.minecraft.wheat_seeds":1,"stat.jump":268,"stat.mineBlock.minecraft.leaves":15,"stat.playOneMinute":21028,"stat.pickup.minecraft.coal":3,"stat.fallOneCm":3948,"stat.useItem.minecraft.planks":5,"stat.killEntity.Sheep":5,"stat.sneakTime":11,"stat.pickup.minecraft.wool":8,"stat.damageDealt":406,"stat.crouchOneCm":124,"stat.sleepInBed":1,"stat.timeSinceDeath":21028,"stat.pickup.minecraft.dirt":11,"stat.sprintOneCm":443,"stat.mineBlock.minecraft.dirt":18,"stat.useItem.minecraft.stone_slab2":6,"stat.mineBlock.minecraft.stone":2,"stat.mineBlock.minecraft.tallgrass":5,"stat.pickup.minecraft.mutton":9,"stat.craftingTableInteraction":6}