{"stat.walkOneCm":165975,"stat.useItem.minecraft.torch":20,"stat.drop.gravestone.death_info":1,"stat.drop.minecraft.wooden_pickaxe":1,"stat.useItem.minecraft.log":3,"stat.pickup.minecraft.stone_pickaxe":2,"stat.furnaceInteraction":10,"stat.drop.minecraft.wool":3,"stat.mineBlock.minecraft.coal_ore":34,"stat.craftItem.minecraft.coal":4,"stat.pickup.minecraft.log":29,"stat.jump":615,"stat.pickup.minecraft.coal":32,"stat.fallOneCm":5745,"stat.useItem.minecraft.planks":34,"stat.drop.minecraft.planks":13,"stat.mineBlock.minecraft.wool":1,"stat.craftItem.minecraft.torch":8,"stat.craftItem.minecraft.iron_ingot":1,"stat.pickup.minecraft.dirt":5,"stat.sprintOneCm":1721,"stat.useItem.minecraft.stone_slab2":7,"stat.pickup.minecraft.apple":1,"stat.craftItem.minecraft.stick":4,"stat.craftingTableInteraction":7,"stat.pickup.minecraft.iron_ore":6,"stat.craftItem.minecraft.furnace":1,"stat.craftItem.minecraft.planks":52,"stat.damageTaken":230,"stat.mineBlock.minecraft.torch":11,"stat.useItem.minecraft.wooden_pickaxe":10,"stat.mobKills":6,"stat.pickup.minecraft.cobblestone":19,"stat.mineBlock.minecraft.log":32,"stat.pickup.minecraft.planks":2,"stat.flyOneCm":1034,"stat.mineBlock.minecraft.planks":3,"stat.deaths":1,"stat.drop":19,"stat.mineBlock.minecraft.leaves":8,"stat.playOneMinute":58205,"stat.pickup.minecraft.torch":39,"stat.killEntity.Sheep":6,"stat.useItem.minecraft.stone_pickaxe":193,"stat.pickup.minecraft.wool":7,"stat.damageDealt":482,"stat.mineBlock.minecraft.iron_ore":6,"stat.sleepInBed":4,"stat.timeSinceDeath":22789,"stat.drop.minecraft.log":1,"stat.mineBlock.minecraft.dirt":12,"stat.craftItem.minecraft.wooden_pickaxe":1,"stat.mineBlock.minecraft.stone":158,"stat.mineBlock.minecraft.tallgrass":3,"stat.craftItem.minecraft.cooked_mutton":17,"stat.pickup.minecraft.mutton":11}