{"stat.craftItem.minecraft.furnace":1,"stat.walkOneCm":63480,"stat.craftItem.minecraft.planks":52,"stat.drop.minecraft.wooden_pickaxe":1,"stat.useItem.minecraft.log":3,"stat.damageTaken":10,"stat.furnaceInteraction":3,"stat.useItem.minecraft.wooden_pickaxe":10,"stat.mobKills":6,"stat.drop.minecraft.wool":3,"stat.pickup.minecraft.cobblestone":9,"stat.mineBlock.minecraft.log":29,"stat.pickup.minecraft.planks":2,"stat.craftItem.minecraft.coal":4,"stat.pickup.minecraft.log":24,"stat.flyOneCm":770,"stat.mineBlock.minecraft.planks":3,"stat.drop":18,"stat.jump":235,"stat.mineBlock.minecraft.leaves":8,"stat.playOneMinute":22205,"stat.fallOneCm":2328,"stat.useItem.minecraft.planks":34,"stat.killEntity.Sheep":6,"stat.pickup.minecraft.wool":7,"stat.damageDealt":482,"stat.drop.minecraft.planks":13,"stat.mineBlock.minecraft.wool":1,"stat.sleepInBed":1,"stat.timeSinceDeath":22205,"stat.pickup.minecraft.dirt":4,"stat.sprintOneCm":1319,"stat.drop.minecraft.log":1,"stat.mineBlock.minecraft.dirt":11,"stat.useItem.minecraft.stone_slab2":4,"stat.craftItem.minecraft.wooden_pickaxe":1,"stat.mineBlock.minecraft.stone":10,"stat.mineBlock.minecraft.tallgrass":3,"stat.pickup.minecraft.apple":1,"stat.pickup.minecraft.mutton":11,"stat.craftItem.minecraft.stick":4,"stat.craftingTableInteraction":3}