{"stat.pickup.minecraft.log":16,"stat.flyOneCm":598,"stat.walkOneCm":40844,"stat.drop":1,"stat.jump":85,"stat.mineBlock.minecraft.leaves":6,"stat.playOneMinute":9605,"stat.fallOneCm":896,"stat.killEntity.Sheep":5,"stat.pickup.minecraft.wool":6,"stat.useItem.minecraft.log":2,"stat.damageDealt":402,"stat.mineBlock.minecraft.wool":1,"stat.timeSinceDeath":9605,"stat.drop.minecraft.log":1,"stat.sprintOneCm":1319,"stat.mobKills":5,"stat.useItem.minecraft.stone_slab2":1,"stat.mineBlock.minecraft.log":18,"stat.mineBlock.minecraft.tallgrass":3,"stat.pickup.minecraft.apple":1,"stat.pickup.minecraft.mutton":9}