{"stat.walkOneCm":155902,"stat.useItem.minecraft.torch":11,"stat.drop.gravestone.death_info":1,"stat.drop.minecraft.wooden_pickaxe":1,"stat.useItem.minecraft.log":3,"stat.pickup.minecraft.stone_pickaxe":2,"stat.furnaceInteraction":8,"stat.drop.minecraft.wool":3,"stat.mineBlock.minecraft.coal_ore":9,"stat.craftItem.minecraft.coal":4,"stat.pickup.minecraft.log":29,"stat.jump":522,"stat.pickup.minecraft.coal":9,"stat.fallOneCm":4921,"stat.useItem.minecraft.planks":34,"stat.drop.minecraft.planks":13,"stat.mineBlock.minecraft.wool":1,"stat.craftItem.minecraft.torch":8,"stat.pickup.minecraft.dirt":5,"stat.sprintOneCm":1684,"stat.useItem.minecraft.stone_slab2":5,"stat.pickup.minecraft.apple":1,"stat.craftItem.minecraft.stick":4,"stat.craftingTableInteraction":6,"stat.pickup.minecraft.iron_ore":4,"stat.craftItem.minecraft.furnace":1,"stat.craftItem.minecraft.planks":52,"stat.damageTaken":210,"stat.mineBlock.minecraft.torch":6,"stat.useItem.minecraft.wooden_pickaxe":10,"stat.mobKills":6,"stat.pickup.minecraft.cobblestone":18,"stat.mineBlock.minecraft.log":32,"stat.pickup.minecraft.planks":2,"stat.flyOneCm":1008,"stat.mineBlock.minecraft.planks":3,"stat.deaths":1,"stat.drop":19,"stat.mineBlock.minecraft.leaves":8,"stat.playOneMinute":46505,"stat.pickup.minecraft.torch":34,"stat.killEntity.Sheep":6,"stat.useItem.minecraft.stone_pickaxe":120,"stat.pickup.minecraft.wool":7,"stat.damageDealt":482,"stat.mineBlock.minecraft.iron_ore":6,"stat.sleepInBed":3,"stat.timeSinceDeath":11089,"stat.drop.minecraft.log":1,"stat.mineBlock.minecraft.dirt":12,"stat.craftItem.minecraft.wooden_pickaxe":1,"stat.mineBlock.minecraft.stone":112,"stat.mineBlock.minecraft.tallgrass":3,"stat.pickup.minecraft.mutton":11}