{"stat.walkOneCm":91521,"stat.useItem.minecraft.torch":5,"stat.drop.minecraft.wooden_pickaxe":1,"stat.useItem.minecraft.log":3,"stat.pickup.minecraft.stone_pickaxe":1,"stat.furnaceInteraction":7,"stat.drop.minecraft.wool":3,"stat.mineBlock.minecraft.coal_ore":3,"stat.craftItem.minecraft.coal":4,"stat.pickup.minecraft.log":29,"stat.jump":361,"stat.fallOneCm":3073,"stat.useItem.minecraft.planks":34,"stat.drop.minecraft.planks":13,"stat.mineBlock.minecraft.wool":1,"stat.craftItem.minecraft.torch":8,"stat.pickup.minecraft.dirt":4,"stat.sprintOneCm":1319,"stat.useItem.minecraft.stone_slab2":4,"stat.pickup.minecraft.apple":1,"stat.craftItem.minecraft.stick":4,"stat.craftingTableInteraction":5,"stat.craftItem.minecraft.furnace":1,"stat.craftItem.minecraft.planks":52,"stat.damageTaken":10,"stat.mineBlock.minecraft.torch":3,"stat.useItem.minecraft.wooden_pickaxe":10,"stat.mobKills":6,"stat.pickup.minecraft.cobblestone":18,"stat.mineBlock.minecraft.log":32,"stat.pickup.minecraft.planks":2,"stat.flyOneCm":822,"stat.mineBlock.minecraft.planks":3,"stat.drop":18,"stat.mineBlock.minecraft.leaves":8,"stat.playOneMinute":33905,"stat.pickup.minecraft.torch":3,"stat.killEntity.Sheep":6,"stat.useItem.minecraft.stone_pickaxe":85,"stat.pickup.minecraft.wool":7,"stat.damageDealt":482,"stat.sleepInBed":2,"stat.timeSinceDeath":33905,"stat.drop.minecraft.log":1,"stat.mineBlock.minecraft.dirt":11,"stat.craftItem.minecraft.wooden_pickaxe":1,"stat.mineBlock.minecraft.stone":91,"stat.mineBlock.minecraft.tallgrass":3,"stat.pickup.minecraft.mutton":11}