{"stats":{"minecraft:dropped":{"minecraft:spruce_log":1},"minecraft:picked_up":{"minecraft:spruce_log":2,"minecraft:rotten_flesh":1},"minecraft:used":{"minecraft:rotten_flesh":1},"minecraft:killed_by":{"minecraft:zombie":2},"minecraft:mined":{"minecraft:spruce_log":1},"minecraft:custom":{"minecraft:jump":99,"minecraft:time_since_rest":4281,"minecraft:damage_dealt":94,"minecraft:walk_one_cm":26629,"minecraft:leave_game":2,"minecraft:play_time":9556,"minecraft:damage_taken":725,"minecraft:time_since_death":4225,"minecraft:deaths":2,"minecraft:total_world_time":9556,"minecraft:drop":1,"minecraft:fly_one_cm":1279}},"DataVersion":3465}